<?xml version="1.0" encoding="UTF-8"?>
<project-private xmlns="http://www.netbeans.org/ns/project-private/1">
    <editor-bookmarks xmlns="http://www.netbeans.org/ns/editor-bookmarks/2" lastBookmarkId="0"/>
    <open-files xmlns="http://www.netbeans.org/ns/projectui-open-files/2">
        <group>
            <file>file:/home/jose/NetBeansProjects/Otra/src/otra/VentanaVrs.java</file>
            <file>file:/home/jose/NetBeansProjects/Otra/src/otra/EscenarioVersus2.java</file>
            <file>file:/home/jose/NetBeansProjects/Otra/src/otra/Otra.java</file>
            <file>file:/home/jose/NetBeansProjects/Otra/src/otra/SeleccionEscenario.java</file>
            <file>file:/home/jose/NetBeansProjects/Otra/src/otra/VentanaCrearAutos1.java</file>
            <file>file:/home/jose/NetBeansProjects/Otra/src/otra/EscenarioVersus1.java</file>
            <file>file:/home/jose/NetBeansProjects/Otra/src/otra/InformacionVentana.java</file>
        </group>
    </open-files>
</project-private>
